<?xml version="1.0" encoding="UTF-8"?>
<manifest identifier="i504a281eac500ff0960327ecc6c74a53" xmlns="http://www.imsglobal.org/xsd/imsccv1p1/imscp_v1p1" xmlns:lom="http://ltsc.ieee.org/xsd/imsccv1p1/LOM/resource" xmlns:imsmd="http://www.imsglobal.org/xsd/imsmd_v1p2" xmlns:xsi="http://www.w3.org/2001/XMLSchema-instance" xsi:schemaLocation="http://www.imsglobal.org/xsd/imsccv1p1/imscp_v1p1 http://www.imsglobal.org/xsd/imscp_v1p1.xsd http://ltsc.ieee.org/xsd/imsccv1p1/LOM/resource http://www.imsglobal.org/profile/cc/ccv1p1/LOM/ccv1p1_lomresource_v1p0.xsd http://www.imsglobal.org/xsd/imsmd_v1p2 http://www.imsglobal.org/xsd/imsmd_v1p2p2.xsd">
  <metadata>
    <schema>IMS Content</schema>
    <schemaversion>1.1.3</schemaversion>
    <imsmd:lom>
      <imsmd:general>
        <imsmd:title>
          <imsmd:string>QTI Quiz Export for course "Sandbox IK2554 HT17"</imsmd:string>
        </imsmd:title>
      </imsmd:general>
      <imsmd:lifeCycle>
        <imsmd:contribute>
          <imsmd:date>
            <imsmd:dateTime>2018-10-30</imsmd:dateTime>
          </imsmd:date>
        </imsmd:contribute>
      </imsmd:lifeCycle>
      <imsmd:rights>
        <imsmd:copyrightAndOtherRestrictions>
          <imsmd:value>yes</imsmd:value>
        </imsmd:copyrightAndOtherRestrictions>
        <imsmd:description>
          <imsmd:string>Private (Copyrighted) - http://en.wikipedia.org/wiki/Copyright</imsmd:string>
        </imsmd:description>
      </imsmd:rights>
    </imsmd:lom>
  </metadata>
  <organizations/>
  <resources>
    <resource identifier="i4624ad3510632f0db63bd0985d10fcb8" type="imsqti_xmlv1p2">
      <file href="i4624ad3510632f0db63bd0985d10fcb8/i4624ad3510632f0db63bd0985d10fcb8.xml"/>
      <dependency identifierref="if2eb5681a522ef3f175416d7eba6c037"/>
    </resource>
    <resource identifier="if2eb5681a522ef3f175416d7eba6c037" type="associatedcontent/imscc_xmlv1p1/learning-application-resource" href="i4624ad3510632f0db63bd0985d10fcb8/assessment_meta.xml">
      <file href="i4624ad3510632f0db63bd0985d10fcb8/assessment_meta.xml"/>
    </resource>
  </resources>
</manifest>
