<?xml version="1.0" encoding="UTF-8"?>
<quiz identifier="i4624ad3510632f0db63bd0985d10fcb8" xmlns="http://canvas.instructure.com/xsd/cccv1p0" xmlns:xsi="http://www.w3.org/2001/XMLSchema-instance" xsi:schemaLocation="http://canvas.instructure.com/xsd/cccv1p0 https://canvas.instructure.com/xsd/cccv1p0.xsd">
  <title>Information om exjobbsprojekt/Information for degree project</title>
  <description>&lt;div class="enhanceable_content tabs"&gt;
&lt;ul&gt;
&lt;li lang="en"&gt;&lt;a href="#fragment-1"&gt;English&lt;/a&gt;&lt;/li&gt;
&lt;li lang="sv"&gt;&lt;a href="#fragment-2"&gt;På svenska&lt;/a&gt;&lt;/li&gt;
&lt;/ul&gt;
&lt;div id="fragment-1"&gt;
&lt;p lang="en"&gt;Please answer the following questions about your propose degree project.&lt;/p&gt;
&lt;/div&gt;
&lt;div id="fragment-2"&gt;
&lt;p lang="sv"&gt;Var snäll och svara på följande frågor om ditt förslag på exjobb.&lt;/p&gt;
&lt;/div&gt;
&lt;/div&gt;</description>
  <shuffle_answers>false</shuffle_answers>
  <scoring_policy>keep_highest</scoring_policy>
  <hide_results></hide_results>
  <quiz_type>survey</quiz_type>
  <points_possible>0.0</points_possible>
  <require_lockdown_browser>false</require_lockdown_browser>
  <require_lockdown_browser_for_results>false</require_lockdown_browser_for_results>
  <require_lockdown_browser_monitor>false</require_lockdown_browser_monitor>
  <lockdown_browser_monitor_data></lockdown_browser_monitor_data>
  <show_correct_answers>false</show_correct_answers>
  <anonymous_submissions>false</anonymous_submissions>
  <could_be_locked>true</could_be_locked>
  <allowed_attempts>-1</allowed_attempts>
  <one_question_at_a_time>false</one_question_at_a_time>
  <cant_go_back>false</cant_go_back>
  <available>true</available>
  <one_time_results>false</one_time_results>
  <show_correct_answers_last_attempt>false</show_correct_answers_last_attempt>
  <only_visible_to_overrides>false</only_visible_to_overrides>
  <module_locked>false</module_locked>
  <assignment_group_identifierref>ifa5441dd054f4213b58a9d5817dc6821</assignment_group_identifierref>
  <assignment_overrides>
  </assignment_overrides>
</quiz>
