<?xml version="1.0" encoding="UTF-8"?>
<questestinterop xmlns="http://www.imsglobal.org/xsd/ims_qtiasiv1p2" xmlns:xsi="http://www.w3.org/2001/XMLSchema-instance" xsi:schemaLocation="http://www.imsglobal.org/xsd/ims_qtiasiv1p2 http://www.imsglobal.org/xsd/ims_qtiasiv1p2p1.xsd">
  <assessment ident="i4624ad3510632f0db63bd0985d10fcb8" title="Information om exjobbsprojekt/Information for degree project">
    <qtimetadata>
      <qtimetadatafield>
        <fieldlabel>cc_maxattempts</fieldlabel>
        <fieldentry>unlimited</fieldentry>
      </qtimetadatafield>
    </qtimetadata>
    <section ident="root_section">
      <item ident="id6192b576f2088ac66244806f8d8fde5" title="Graded or ungraded">
        <itemmetadata>
          <qtimetadata>
            <qtimetadatafield>
              <fieldlabel>question_type</fieldlabel>
              <fieldentry>true_false_question</fieldentry>
            </qtimetadatafield>
            <qtimetadatafield>
              <fieldlabel>points_possible</fieldlabel>
              <fieldentry>1.0</fieldentry>
            </qtimetadatafield>
            <qtimetadatafield>
              <fieldlabel>assessment_question_identifierref</fieldlabel>
              <fieldentry>id4335882de35956d747661631bd79033</fieldentry>
            </qtimetadatafield>
          </qtimetadata>
        </itemmetadata>
        <presentation>
          <material>
            <mattext texttype="text/html">&lt;div&gt;&lt;div class="enhanceable_content tabs"&gt;
&lt;ul&gt;
&lt;li lang="en"&gt;&lt;a href="#fragment-1"&gt;English&lt;/a&gt;&lt;/li&gt;
&lt;li lang="sv"&gt;&lt;a href="#fragment-2"&gt;På svenska&lt;/a&gt;&lt;/li&gt;
&lt;/ul&gt;
&lt;div id="fragment-1"&gt;
&lt;p lang="en"&gt;Do you wish an A-F grade, rather than the default P/F (i.e. Pass/Fail) grade for your degree project?&lt;/p&gt;
&lt;p&gt;True: Grade A-F&lt;/p&gt;
&lt;p&gt;False: Pass/Fail (standard)&lt;/p&gt;
&lt;/div&gt;
&lt;div id="fragment-2"&gt;
&lt;p lang="sv"&gt;Vill du ha ett betygsatt exjobb (A-F), i stället för ett vanligt med bara P/F (Pass/Fail)?&lt;/p&gt;
&lt;p&gt;Sant: Betygsatt exjobb (A-F)&lt;/p&gt;
&lt;p&gt;Falskt: Pass/Fail (standard)&lt;/p&gt;
&lt;/div&gt;
&lt;/div&gt;&lt;/div&gt;</mattext>
          </material>
          <response_lid ident="response1" rcardinality="Single">
            <render_choice>
              <response_label ident="91622">
                <material>
                  <mattext texttype="text/plain">True</mattext>
                </material>
              </response_label>
              <response_label ident="52196">
                <material>
                  <mattext texttype="text/plain">False</mattext>
                </material>
              </response_label>
            </render_choice>
          </response_lid>
        </presentation>
        <resprocessing>
          <outcomes>
            <decvar maxvalue="100" minvalue="0" varname="SCORE" vartype="Decimal"/>
          </outcomes>
          <respcondition continue="No">
            <conditionvar>
              <varequal respident="response1">91622</varequal>
            </conditionvar>
            <setvar action="Set" varname="SCORE">100</setvar>
          </respcondition>
        </resprocessing>
      </item>
      <item ident="ic5abde157fefa73a873a78a735153019" title="Publishing in DiVA">
        <itemmetadata>
          <qtimetadata>
            <qtimetadatafield>
              <fieldlabel>question_type</fieldlabel>
              <fieldentry>true_false_question</fieldentry>
            </qtimetadatafield>
            <qtimetadatafield>
              <fieldlabel>points_possible</fieldlabel>
              <fieldentry>1.0</fieldentry>
            </qtimetadatafield>
            <qtimetadatafield>
              <fieldlabel>assessment_question_identifierref</fieldlabel>
              <fieldentry>iad623f51b26860267c50b8534a8adc5b</fieldentry>
            </qtimetadatafield>
          </qtimetadata>
        </itemmetadata>
        <presentation>
          <material>
            <mattext texttype="text/html">&lt;div&gt;&lt;div class="enhanceable_content tabs"&gt;
&lt;ul&gt;
&lt;li lang="en"&gt;&lt;a href="#fragment-1"&gt;English&lt;/a&gt;&lt;/li&gt;
&lt;li lang="sv"&gt;&lt;a href="#fragment-2"&gt;På svenska&lt;/a&gt;&lt;/li&gt;
&lt;/ul&gt;
&lt;div id="fragment-1"&gt;
&lt;p lang="en"&gt;Do you give KTH permission to make the full text of your final report available via DiVA?&lt;/p&gt;
&lt;p lang="en"&gt;&lt;strong&gt;True&lt;/strong&gt;: I accept publication via DiVA&lt;/p&gt;
&lt;p lang="en"&gt;&lt;strong&gt;False&lt;/strong&gt;I do not accept publication via DiVA&lt;/p&gt;
&lt;p lang="en"&gt;&lt;strong&gt;Note that in all cases the report is public and KTH must provide a copy to anyone on request.&lt;/strong&gt;&lt;/p&gt;
&lt;/div&gt;
&lt;div id="fragment-2"&gt;
&lt;p lang="sv"&gt;Ger du KTH tillstånd att publicera hela din slutliga exjobbsrapport elektroniskt i databasen DiVA?&lt;/p&gt;
&lt;p lang="sv"&gt;&lt;strong&gt;Sant:&lt;/strong&gt; Jag godkänner publicering via DiVA&lt;/p&gt;
&lt;p lang="sv"&gt;&lt;strong&gt;Falskt:&lt;/strong&gt; Jag godkänner inte publicering via DiVA&lt;/p&gt;
&lt;p lang="sv"&gt;&lt;strong&gt;Observera att din slutliga exjobbsrapport alltid är offentlig, och att KTH alltid måste tillhandahålla en kopia om någon begär det.&lt;/strong&gt;&lt;/p&gt;
&lt;/div&gt;
&lt;/div&gt;&lt;/div&gt;</mattext>
          </material>
          <response_lid ident="response1" rcardinality="Single">
            <render_choice>
              <response_label ident="65395">
                <material>
                  <mattext texttype="text/plain">True</mattext>
                </material>
              </response_label>
              <response_label ident="67313">
                <material>
                  <mattext texttype="text/plain">False</mattext>
                </material>
              </response_label>
            </render_choice>
          </response_lid>
        </presentation>
        <resprocessing>
          <outcomes>
            <decvar maxvalue="100" minvalue="0" varname="SCORE" vartype="Decimal"/>
          </outcomes>
          <respcondition continue="No">
            <conditionvar>
              <varequal respident="response1">65395</varequal>
            </conditionvar>
            <setvar action="Set" varname="SCORE">100</setvar>
          </respcondition>
        </resprocessing>
      </item>
      <item ident="if3cbb874f6a8e4fd103178f104702800" title="Kurskod/Course code">
        <itemmetadata>
          <qtimetadata>
            <qtimetadatafield>
              <fieldlabel>question_type</fieldlabel>
              <fieldentry>multiple_choice_question</fieldentry>
            </qtimetadatafield>
            <qtimetadatafield>
              <fieldlabel>points_possible</fieldlabel>
              <fieldentry>1.0</fieldentry>
            </qtimetadatafield>
            <qtimetadatafield>
              <fieldlabel>assessment_question_identifierref</fieldlabel>
              <fieldentry>i7244f72921d86d2b08ce23cad24f52fd</fieldentry>
            </qtimetadatafield>
          </qtimetadata>
        </itemmetadata>
        <presentation>
          <material>
            <mattext texttype="text/html">&lt;div&gt;&lt;div class="enhanceable_content tabs"&gt;
&lt;ul&gt;
&lt;li lang="en"&gt;&lt;a href="#fragment-1"&gt;English&lt;/a&gt;&lt;/li&gt;
&lt;li lang="sv"&gt;&lt;a href="#fragment-2"&gt;På svenska&lt;/a&gt;&lt;/li&gt;
&lt;/ul&gt;
&lt;div id="fragment-1"&gt;
&lt;p lang="en"&gt; &lt;/p&gt;
&lt;p&gt;Kurskod/Course code:&lt;/p&gt;
&lt;table border="1" cellspacing="1" cellpadding="1"&gt;
&lt;tbody&gt;
&lt;tr&gt;
&lt;th&gt;Target audience&lt;/th&gt;
&lt;th&gt;Degree program(s)&lt;/th&gt;
&lt;th&gt;Subject area&lt;/th&gt;
&lt;th&gt;Course name&lt;/th&gt;
&lt;th&gt;Credits&lt;/th&gt;
&lt;th&gt;Course code for A-F grading scale&lt;/th&gt;
&lt;th&gt;Course code for Pass/fail grading scale&lt;/th&gt;
&lt;/tr&gt;
&lt;tr&gt;
&lt;td rowspan="2"&gt;Civil Engineering&lt;/td&gt;
&lt;td&gt;CINTE, CDATE&lt;/td&gt;
&lt;td&gt;Computer Science and Computer Engineering&lt;/td&gt;
&lt;td&gt;Degree Project in Information Technology, Second Cycle&lt;/td&gt;
&lt;td&gt;30&lt;/td&gt;
&lt;td&gt;&lt;a href="https://www.kth.se/student/kurser/kurs/II225X"&gt;II225X&lt;/a&gt;&lt;/td&gt;
&lt;td&gt;&lt;a href="https://www.kth.se/student/kurser/kurs/II245X"&gt;II245X&lt;/a&gt;&lt;/td&gt;
&lt;/tr&gt;
&lt;tr&gt;
&lt;td&gt;CINTE, (CDATE)&lt;/td&gt;
&lt;td&gt;Electrical Engineering&lt;/td&gt;
&lt;td&gt;Degree Project in Information Technology, Second Cycle&lt;/td&gt;
&lt;td&gt;30&lt;/td&gt;
&lt;td&gt;&lt;a href="https://www.kth.se/student/kurser/kurs/IL228X"&gt;IL228X&lt;/a&gt;&lt;/td&gt;
&lt;td&gt;&lt;a href="https://www.kth.se/student/kurser/kurs/IL248X"&gt;IL248X&lt;/a&gt;&lt;/td&gt;
&lt;/tr&gt;
&lt;tr&gt;
&lt;td rowspan="2"&gt;For students in the ICT School's Master's programs&lt;/td&gt;
&lt;td&gt;TSEDM, TDISM, TIVNM (TEBSM)&lt;/td&gt;
&lt;td&gt;Computer Science and Computer Engineering&lt;/td&gt;
&lt;td&gt;Degree Project in Computer Science and Computer Engineering, Second Level&lt;/td&gt;
&lt;td&gt;30&lt;/td&gt;
&lt;td&gt;&lt;a href="https://www.kth.se/student/kurser/kurs/II226X"&gt;II226X&lt;/a&gt;&lt;/td&gt;
&lt;td&gt;&lt;a href="https://www.kth.se/student/kurser/kurs/II246X"&gt;II246X&lt;/a&gt;&lt;/td&gt;
&lt;/tr&gt;
&lt;tr&gt;
&lt;td&gt;TCOMM, TIVNM, TEBSM&lt;/td&gt;
&lt;td&gt;Electrical Engineering&lt;/td&gt;
&lt;td&gt;Degree Project in Electrical Engineering, Second Cycle&lt;/td&gt;
&lt;td&gt;30&lt;/td&gt;
&lt;td&gt;&lt;a href="https://www.kth.se/student/kurser/kurs/IL226X"&gt;IL226X&lt;/a&gt;&lt;/td&gt;
&lt;td&gt;&lt;a href="https://www.kth.se/student/kurser/kurs/IL246X"&gt;IL246X&lt;/a&gt;&lt;/td&gt;
&lt;/tr&gt;
&lt;tr&gt;
&lt;td rowspan="4"&gt;For Second Cycle thesis project students at ICT&lt;span&gt; &lt;/span&gt;&lt;em&gt;outside&lt;/em&gt;&lt;span&gt; &lt;/span&gt;of any programs&lt;/td&gt;
&lt;td rowspan="2"&gt;Master's&lt;/td&gt;
&lt;td&gt;Computer Science and Computer Engineering&lt;br&gt;Datalogi och datateknik&lt;/td&gt;
&lt;td&gt;Degree Project in Computer Science and Computer Engineering, Second Level&lt;/td&gt;
&lt;td&gt;30&lt;/td&gt;
&lt;td&gt;&lt;a href="https://www.kth.se/student/kurser/kurs/II227X"&gt;II227X&lt;/a&gt;&lt;/td&gt;
&lt;td&gt;&lt;a href="https://www.kth.se/student/kurser/kurs/II247X"&gt;II247X&lt;/a&gt;&lt;/td&gt;
&lt;/tr&gt;
&lt;tr&gt;
&lt;td&gt;Electrical Engineering&lt;/td&gt;
&lt;td&gt;Degree Project in Electrical Engineering, Second Cycle&lt;/td&gt;
&lt;td&gt;30&lt;/td&gt;
&lt;td&gt;&lt;a href="https://www.kth.se/student/kurser/kurs/IL227X"&gt;IL227X&lt;/a&gt;&lt;/td&gt;
&lt;td&gt;&lt;a href="https://www.kth.se/student/kurser/kurs/IL247X"&gt;IL247X&lt;/a&gt;&lt;/td&gt;
&lt;/tr&gt;
&lt;tr&gt;
&lt;td rowspan="2"&gt;Magister&lt;/td&gt;
&lt;td&gt;Computer Science and Computer Engineering&lt;/td&gt;
&lt;td&gt;Degree Project in Computer Science and Computer Engineering, Second Level&lt;/td&gt;
&lt;td&gt;15&lt;/td&gt;
&lt;td&gt;&lt;/td&gt;
&lt;td&gt;&lt;a href="https://www.kth.se/student/kurser/kurs/II249X"&gt;II249X&lt;/a&gt;&lt;/td&gt;
&lt;/tr&gt;
&lt;tr&gt;
&lt;td&gt;Electrical Engineering&lt;/td&gt;
&lt;td&gt;Degree Project in Electrical Engineering, Second Cycle&lt;/td&gt;
&lt;td&gt;15&lt;/td&gt;
&lt;td&gt;&lt;/td&gt;
&lt;td&gt;&lt;a href="https://www.kth.se/student/kurser/kurs/IL249X"&gt;IL249X&lt;/a&gt;&lt;/td&gt;
&lt;/tr&gt;
&lt;/tbody&gt;
&lt;/table&gt;
&lt;/div&gt;
&lt;div id="fragment-2"&gt;
&lt;p lang="sv"&gt; &lt;/p&gt;
&lt;table border="1" cellspacing="1" cellpadding="1"&gt;
&lt;tbody&gt;
&lt;tr style="height: 120px;"&gt;
&lt;th style="height: 120px;"&gt;Målgrupp&lt;/th&gt;
&lt;th style="height: 120px;"&gt;Program&lt;/th&gt;
&lt;th style="height: 120px;"&gt;Ämne&lt;/th&gt;
&lt;th style="height: 120px;"&gt;Kursens namn&lt;/th&gt;
&lt;th style="height: 120px;"&gt;Högskole-poäng&lt;/th&gt;
&lt;th style="height: 120px;"&gt;Kurskod för skala A-F&lt;/th&gt;
&lt;th style="height: 120px;"&gt;Kurskod för Pass/Fail&lt;/th&gt;
&lt;/tr&gt;
&lt;tr style="height: 150px;"&gt;
&lt;td style="height: 318px;" rowspan="2"&gt;Civilingenjörs-studenter&lt;/td&gt;
&lt;td style="height: 150px;"&gt;CINTE, CDATE&lt;/td&gt;
&lt;td style="height: 150px;"&gt;Datalogi och datateknik&lt;/td&gt;
&lt;td style="height: 150px;"&gt;Examensarbete inom informations- och kommunikationsteknik, avancerad nivå&lt;/td&gt;
&lt;td style="height: 150px;"&gt;30&lt;/td&gt;
&lt;td style="height: 150px;"&gt;&lt;a href="https://www.kth.se/student/kurser/kurs/II225X"&gt;II225X&lt;/a&gt;&lt;/td&gt;
&lt;td style="height: 150px;"&gt;&lt;a href="https://www.kth.se/student/kurser/kurs/II245X"&gt;II245X&lt;/a&gt;&lt;/td&gt;
&lt;/tr&gt;
&lt;tr style="height: 168px;"&gt;
&lt;td style="height: 168px;"&gt;CINTE, (CDATE)&lt;/td&gt;
&lt;td style="height: 168px;"&gt;Elektroteknik&lt;/td&gt;
&lt;td style="height: 168px;"&gt;Examensarbete inom informations- och kommunikationsteknik, avancerad nivå&lt;/td&gt;
&lt;td style="height: 168px;"&gt;30&lt;/td&gt;
&lt;td style="height: 168px;"&gt;&lt;a href="https://www.kth.se/student/kurser/kurs/IL228X"&gt;IL228X&lt;/a&gt;&lt;/td&gt;
&lt;td style="height: 168px;"&gt;&lt;a href="https://www.kth.se/student/kurser/kurs/IL248X"&gt;IL248X&lt;/a&gt;&lt;/td&gt;
&lt;/tr&gt;
&lt;tr style="height: 168px;"&gt;
&lt;td style="height: 312px;" rowspan="2"&gt;Studenter på Master-program vid KTH i Kista&lt;/td&gt;
&lt;td style="height: 168px;"&gt;TSEDM, TDISM, TIVNM (TEBSM)&lt;/td&gt;
&lt;td style="height: 168px;"&gt;
&lt;br&gt;Datalogi och datateknik&lt;/td&gt;
&lt;td style="height: 168px;"&gt;
&lt;br&gt;Examensarbete inom datalogi och datateknik, avancerad nivå&lt;/td&gt;
&lt;td style="height: 168px;"&gt;30&lt;/td&gt;
&lt;td style="height: 168px;"&gt;&lt;a href="https://www.kth.se/student/kurser/kurs/II226X"&gt;II226X&lt;/a&gt;&lt;/td&gt;
&lt;td style="height: 168px;"&gt;&lt;a href="https://www.kth.se/student/kurser/kurs/II246X"&gt;II246X&lt;/a&gt;&lt;/td&gt;
&lt;/tr&gt;
&lt;tr style="height: 144px;"&gt;
&lt;td style="height: 144px;"&gt;TCOMM, TIVNM, TEBSM&lt;/td&gt;
&lt;td style="height: 144px;"&gt;Elektroteknik&lt;/td&gt;
&lt;td style="height: 144px;"&gt;Examensarbete inom elektroteknik, avancerad nivå&lt;/td&gt;
&lt;td style="height: 144px;"&gt;30&lt;/td&gt;
&lt;td style="height: 144px;"&gt;&lt;a href="https://www.kth.se/student/kurser/kurs/IL226X"&gt;IL226X&lt;/a&gt;&lt;/td&gt;
&lt;td style="height: 144px;"&gt;&lt;a href="https://www.kth.se/student/kurser/kurs/IL246X"&gt;IL246X&lt;/a&gt;&lt;/td&gt;
&lt;/tr&gt;
&lt;tr style="height: 168px;"&gt;
&lt;td style="height: 624px;" rowspan="4"&gt;Studenter på avancerad nivå som &lt;em&gt;inte&lt;/em&gt; är inskrivna på något program&lt;/td&gt;
&lt;td style="height: 312px;" rowspan="2"&gt;Master&lt;/td&gt;
&lt;td style="height: 168px;"&gt;Datalogi och datateknik&lt;/td&gt;
&lt;td style="height: 168px;"&gt;Examensarbete inom datalogi och datateknik, avancerad nivå&lt;/td&gt;
&lt;td style="height: 168px;"&gt;30&lt;/td&gt;
&lt;td style="height: 168px;"&gt;&lt;a href="https://www.kth.se/student/kurser/kurs/II227X"&gt;II227X&lt;/a&gt;&lt;/td&gt;
&lt;td style="height: 168px;"&gt;&lt;a href="https://www.kth.se/student/kurser/kurs/II247X"&gt;II247X&lt;/a&gt;&lt;/td&gt;
&lt;/tr&gt;
&lt;tr style="height: 144px;"&gt;
&lt;td style="height: 144px;"&gt;Electrical Engineering&lt;br&gt;Elektroteknik&lt;/td&gt;
&lt;td style="height: 144px;"&gt;Examensarbete inom elektroteknik, avancerad nivå&lt;/td&gt;
&lt;td style="height: 144px;"&gt;30&lt;/td&gt;
&lt;td style="height: 144px;"&gt;&lt;a href="https://www.kth.se/student/kurser/kurs/IL227X"&gt;IL227X&lt;/a&gt;&lt;/td&gt;
&lt;td style="height: 144px;"&gt;&lt;a href="https://www.kth.se/student/kurser/kurs/IL247X"&gt;IL247X&lt;/a&gt;&lt;/td&gt;
&lt;/tr&gt;
&lt;tr style="height: 168px;"&gt;
&lt;td style="height: 312px;" rowspan="2"&gt;Magister&lt;/td&gt;
&lt;td style="height: 168px;"&gt;Datalogi och datateknik&lt;/td&gt;
&lt;td style="height: 168px;"&gt;Examensarbete inom datalogi och datateknik, avancerad nivå&lt;/td&gt;
&lt;td style="height: 168px;"&gt;15&lt;/td&gt;
&lt;td style="height: 168px;"&gt;&lt;/td&gt;
&lt;td style="height: 168px;"&gt;&lt;a href="https://www.kth.se/student/kurser/kurs/II249X"&gt;II249X&lt;/a&gt;&lt;/td&gt;
&lt;/tr&gt;
&lt;tr style="height: 144px;"&gt;
&lt;td style="height: 144px;"&gt;Elektroteknik&lt;/td&gt;
&lt;td style="height: 144px;"&gt;Examensarbete inom elektroteknik, avancerad nivå&lt;/td&gt;
&lt;td style="height: 144px;"&gt;15&lt;/td&gt;
&lt;td style="height: 144px;"&gt;&lt;/td&gt;
&lt;td style="height: 144px;"&gt;&lt;a href="https://www.kth.se/student/kurser/kurs/IL249X"&gt;IL249X&lt;/a&gt;&lt;/td&gt;
&lt;/tr&gt;
&lt;/tbody&gt;
&lt;/table&gt;
&lt;/div&gt;
&lt;/div&gt;&lt;/div&gt;</mattext>
          </material>
          <response_lid ident="response1" rcardinality="Single">
            <render_choice>
              <response_label ident="40676">
                <material>
                  <mattext texttype="text/plain">II225X</mattext>
                </material>
              </response_label>
              <response_label ident="3289">
                <material>
                  <mattext texttype="text/plain">II226X</mattext>
                </material>
              </response_label>
              <response_label ident="59030">
                <material>
                  <mattext texttype="text/plain">II227X</mattext>
                </material>
              </response_label>
              <response_label ident="42883">
                <material>
                  <mattext texttype="text/plain">II245X</mattext>
                </material>
              </response_label>
              <response_label ident="78316">
                <material>
                  <mattext texttype="text/plain">II246X</mattext>
                </material>
              </response_label>
              <response_label ident="83704">
                <material>
                  <mattext texttype="text/plain">II247X</mattext>
                </material>
              </response_label>
              <response_label ident="43673">
                <material>
                  <mattext texttype="text/plain">II249X</mattext>
                </material>
              </response_label>
              <response_label ident="50039">
                <material>
                  <mattext texttype="text/plain">IL226X</mattext>
                </material>
              </response_label>
              <response_label ident="55091">
                <material>
                  <mattext texttype="text/plain">IL227X</mattext>
                </material>
              </response_label>
              <response_label ident="93254">
                <material>
                  <mattext texttype="text/plain">IL228X</mattext>
                </material>
              </response_label>
              <response_label ident="71290">
                <material>
                  <mattext texttype="text/plain">IL246X</mattext>
                </material>
              </response_label>
              <response_label ident="50973">
                <material>
                  <mattext texttype="text/plain">IL247X</mattext>
                </material>
              </response_label>
              <response_label ident="50390">
                <material>
                  <mattext texttype="text/plain">IL248X</mattext>
                </material>
              </response_label>
              <response_label ident="14572">
                <material>
                  <mattext texttype="text/plain">IL249X</mattext>
                </material>
              </response_label>
              <response_label ident="27654">
                <material>
                  <mattext texttype="text/plain">IT225X</mattext>
                </material>
              </response_label>
              <response_label ident="54718">
                <material>
                  <mattext texttype="text/plain">IT245X</mattext>
                </material>
              </response_label>
              <response_label ident="33541">
                <material>
                  <mattext texttype="text/plain">IT261X</mattext>
                </material>
              </response_label>
            </render_choice>
          </response_lid>
        </presentation>
        <resprocessing>
          <outcomes>
            <decvar maxvalue="100" minvalue="0" varname="SCORE" vartype="Decimal"/>
          </outcomes>
          <respcondition continue="No">
            <conditionvar>
              <varequal respident="response1">40676</varequal>
            </conditionvar>
            <setvar action="Set" varname="SCORE">100</setvar>
          </respcondition>
        </resprocessing>
      </item>
      <item ident="i61ee0aa6d5c23ac9b04ef6c4f3fc9b36" title="Preliminär titel/Tentative title">
        <itemmetadata>
          <qtimetadata>
            <qtimetadatafield>
              <fieldlabel>question_type</fieldlabel>
              <fieldentry>essay_question</fieldentry>
            </qtimetadatafield>
            <qtimetadatafield>
              <fieldlabel>points_possible</fieldlabel>
              <fieldentry>1.0</fieldentry>
            </qtimetadatafield>
            <qtimetadatafield>
              <fieldlabel>assessment_question_identifierref</fieldlabel>
              <fieldentry>if946ea96bcfb09dce47197279f7716f3</fieldentry>
            </qtimetadatafield>
          </qtimetadata>
        </itemmetadata>
        <presentation>
          <material>
            <mattext texttype="text/html">&lt;div&gt;&lt;div class="enhanceable_content tabs"&gt;
&lt;ul&gt;
&lt;li lang="en"&gt;&lt;a href="#fragment-1"&gt;English&lt;/a&gt;&lt;/li&gt;
&lt;li lang="sv"&gt;&lt;a href="#fragment-2"&gt;På svenska&lt;/a&gt;&lt;/li&gt;
&lt;/ul&gt;
&lt;div id="fragment-1"&gt;
&lt;p lang="en"&gt;Tentative title
&lt;/p&gt;
&lt;/div&gt;
&lt;div id="fragment-2"&gt;
&lt;p lang="sv"&gt;Preliminär titel
&lt;/p&gt;
&lt;/div&gt;

&lt;/div&gt;&lt;/div&gt;</mattext>
          </material>
          <response_str ident="response1" rcardinality="Single">
            <render_fib>
              <response_label ident="answer1" rshuffle="No"/>
            </render_fib>
          </response_str>
        </presentation>
        <resprocessing>
          <outcomes>
            <decvar maxvalue="100" minvalue="0" varname="SCORE" vartype="Decimal"/>
          </outcomes>
          <respcondition continue="No">
            <conditionvar>
              <other/>
            </conditionvar>
          </respcondition>
        </resprocessing>
      </item>
      <item ident="i2407deaf7745fb72da4fb6023ffe0b45" title="Examinator/Examiner">
        <itemmetadata>
          <qtimetadata>
            <qtimetadatafield>
              <fieldlabel>question_type</fieldlabel>
              <fieldentry>multiple_dropdowns_question</fieldentry>
            </qtimetadatafield>
            <qtimetadatafield>
              <fieldlabel>points_possible</fieldlabel>
              <fieldentry>1.0</fieldentry>
            </qtimetadatafield>
            <qtimetadatafield>
              <fieldlabel>assessment_question_identifierref</fieldlabel>
              <fieldentry>i5f2f34922a2ffddb9a08c4d2ddc3662b</fieldentry>
            </qtimetadatafield>
          </qtimetadata>
        </itemmetadata>
        <presentation>
          <material>
            <mattext texttype="text/html">&lt;div&gt;&lt;div class="enhanceable_content tabs"&gt;
&lt;ul&gt;
&lt;li lang="en"&gt;&lt;a href="#fragment-1"&gt;English&lt;/a&gt;&lt;/li&gt;
&lt;li lang="sv"&gt;&lt;a href="#fragment-2"&gt;På svenska&lt;/a&gt;&lt;/li&gt;
&lt;/ul&gt;
&lt;div id="fragment-1"&gt;
&lt;p lang="en"&gt;Potential examiner 1 [e1]&lt;/p&gt;
&lt;p lang="en"&gt;Potential examiner 2 [e2]&lt;/p&gt;
&lt;p lang="en"&gt;Potential examiner 3 [e3]&lt;/p&gt;
&lt;/div&gt;
&lt;div id="fragment-2"&gt;
&lt;p lang="sv"&gt;Förslag på examinator 1 [e1]&lt;/p&gt;
&lt;p lang="sv"&gt;Förslag på examinator 2 [e2]&lt;/p&gt;
&lt;p lang="sv"&gt;Förslag på examinator 3 [e3]&amp;lt;&lt;/p&gt;
&lt;/div&gt;
&lt;/div&gt;&lt;/div&gt;</mattext>
          </material>
          <response_lid ident="response_e1">
            <material>
              <mattext>e1</mattext>
            </material>
            <render_choice>
              <response_label ident="43568">
                <material>
                  <mattext texttype="text/plain">Ahmed, Hemani</mattext>
                </material>
              </response_label>
              <response_label ident="38933">
                <material>
                  <mattext texttype="text/plain">Ana, Rusu</mattext>
                </material>
              </response_label>
              <response_label ident="47959">
                <material>
                  <mattext texttype="text/plain">Anders, Hallén</mattext>
                </material>
              </response_label>
              <response_label ident="14494">
                <material>
                  <mattext texttype="text/plain">Gerald Q, Maguire Jr.</mattext>
                </material>
              </response_label>
            </render_choice>
          </response_lid>
        </presentation>
        <resprocessing>
          <outcomes>
            <decvar maxvalue="100" minvalue="0" varname="SCORE" vartype="Decimal"/>
          </outcomes>
          <respcondition>
            <conditionvar>
              <varequal respident="response_e1">43568</varequal>
            </conditionvar>
            <setvar varname="SCORE" action="Add">100.00</setvar>
          </respcondition>
        </resprocessing>
      </item>
      <item ident="i86158af116cba1310a65632582fa4ad6" title="Startdatum/Planned start">
        <itemmetadata>
          <qtimetadata>
            <qtimetadatafield>
              <fieldlabel>question_type</fieldlabel>
              <fieldentry>multiple_dropdowns_question</fieldentry>
            </qtimetadatafield>
            <qtimetadatafield>
              <fieldlabel>points_possible</fieldlabel>
              <fieldentry>1.0</fieldentry>
            </qtimetadatafield>
            <qtimetadatafield>
              <fieldlabel>assessment_question_identifierref</fieldlabel>
              <fieldentry>i278fa2c9e6776227c39792ee7e5d189a</fieldentry>
            </qtimetadatafield>
          </qtimetadata>
        </itemmetadata>
        <presentation>
          <material>
            <mattext texttype="text/html">&lt;div&gt;
&lt;p&gt;Startdatum/Planned start [year].[month].[day]&lt;/p&gt;
&lt;div class="enhanceable_content tabs"&gt;
&lt;ul&gt;
&lt;li lang="en"&gt;&lt;a href="#fragment-1"&gt;English&lt;/a&gt;&lt;/li&gt;
&lt;li lang="sv"&gt;&lt;a href="#fragment-2"&gt;På svenska&lt;/a&gt;&lt;/li&gt;
&lt;/ul&gt;
&lt;div id="fragment-1"&gt;
&lt;p lang="en"&gt;Planned start [year].[month].[day]&lt;/p&gt;
&lt;/div&gt;
&lt;div id="fragment-2"&gt;
&lt;p lang="sv"&gt;Startdatum [year].[month].[day]&lt;/p&gt;
&lt;/div&gt;
&lt;/div&gt;
&lt;/div&gt;</mattext>
          </material>
          <response_lid ident="response_year">
            <material>
              <mattext>year</mattext>
            </material>
            <render_choice>
              <response_label ident="89990">
                <material>
                  <mattext texttype="text/plain">2018</mattext>
                </material>
              </response_label>
              <response_label ident="4141">
                <material>
                  <mattext texttype="text/plain">2019</mattext>
                </material>
              </response_label>
            </render_choice>
          </response_lid>
          <response_lid ident="response_month">
            <material>
              <mattext>month</mattext>
            </material>
            <render_choice>
              <response_label ident="60253">
                <material>
                  <mattext texttype="text/plain">1</mattext>
                </material>
              </response_label>
              <response_label ident="90554">
                <material>
                  <mattext texttype="text/plain">2</mattext>
                </material>
              </response_label>
              <response_label ident="45661">
                <material>
                  <mattext texttype="text/plain">3</mattext>
                </material>
              </response_label>
              <response_label ident="36476">
                <material>
                  <mattext texttype="text/plain">4</mattext>
                </material>
              </response_label>
              <response_label ident="19851">
                <material>
                  <mattext texttype="text/plain">5</mattext>
                </material>
              </response_label>
              <response_label ident="51828">
                <material>
                  <mattext texttype="text/plain">6</mattext>
                </material>
              </response_label>
              <response_label ident="86564">
                <material>
                  <mattext texttype="text/plain">7</mattext>
                </material>
              </response_label>
              <response_label ident="87047">
                <material>
                  <mattext texttype="text/plain">8</mattext>
                </material>
              </response_label>
              <response_label ident="49075">
                <material>
                  <mattext texttype="text/plain">9</mattext>
                </material>
              </response_label>
              <response_label ident="99451">
                <material>
                  <mattext texttype="text/plain">10</mattext>
                </material>
              </response_label>
              <response_label ident="76298">
                <material>
                  <mattext texttype="text/plain">11</mattext>
                </material>
              </response_label>
              <response_label ident="90529">
                <material>
                  <mattext texttype="text/plain">12</mattext>
                </material>
              </response_label>
            </render_choice>
          </response_lid>
          <response_lid ident="response_day">
            <material>
              <mattext>day</mattext>
            </material>
            <render_choice>
              <response_label ident="35338">
                <material>
                  <mattext texttype="text/plain">1</mattext>
                </material>
              </response_label>
              <response_label ident="83358">
                <material>
                  <mattext texttype="text/plain">2</mattext>
                </material>
              </response_label>
              <response_label ident="740">
                <material>
                  <mattext texttype="text/plain">3</mattext>
                </material>
              </response_label>
              <response_label ident="5680">
                <material>
                  <mattext texttype="text/plain">4</mattext>
                </material>
              </response_label>
              <response_label ident="19940">
                <material>
                  <mattext texttype="text/plain">5</mattext>
                </material>
              </response_label>
              <response_label ident="74162">
                <material>
                  <mattext texttype="text/plain">6</mattext>
                </material>
              </response_label>
              <response_label ident="13929">
                <material>
                  <mattext texttype="text/plain">7</mattext>
                </material>
              </response_label>
              <response_label ident="6606">
                <material>
                  <mattext texttype="text/plain">8</mattext>
                </material>
              </response_label>
              <response_label ident="1771">
                <material>
                  <mattext texttype="text/plain">9</mattext>
                </material>
              </response_label>
              <response_label ident="75836">
                <material>
                  <mattext texttype="text/plain">10</mattext>
                </material>
              </response_label>
              <response_label ident="51334">
                <material>
                  <mattext texttype="text/plain">11</mattext>
                </material>
              </response_label>
              <response_label ident="10354">
                <material>
                  <mattext texttype="text/plain">12</mattext>
                </material>
              </response_label>
              <response_label ident="38608">
                <material>
                  <mattext texttype="text/plain">13</mattext>
                </material>
              </response_label>
              <response_label ident="98056">
                <material>
                  <mattext texttype="text/plain">14</mattext>
                </material>
              </response_label>
              <response_label ident="35589">
                <material>
                  <mattext texttype="text/plain">15</mattext>
                </material>
              </response_label>
              <response_label ident="32492">
                <material>
                  <mattext texttype="text/plain">16</mattext>
                </material>
              </response_label>
              <response_label ident="59417">
                <material>
                  <mattext texttype="text/plain">17</mattext>
                </material>
              </response_label>
              <response_label ident="55385">
                <material>
                  <mattext texttype="text/plain">18</mattext>
                </material>
              </response_label>
              <response_label ident="85807">
                <material>
                  <mattext texttype="text/plain">19</mattext>
                </material>
              </response_label>
              <response_label ident="60056">
                <material>
                  <mattext texttype="text/plain">20</mattext>
                </material>
              </response_label>
              <response_label ident="69744">
                <material>
                  <mattext texttype="text/plain">21</mattext>
                </material>
              </response_label>
              <response_label ident="8471">
                <material>
                  <mattext texttype="text/plain">22</mattext>
                </material>
              </response_label>
              <response_label ident="30099">
                <material>
                  <mattext texttype="text/plain">23</mattext>
                </material>
              </response_label>
              <response_label ident="78873">
                <material>
                  <mattext texttype="text/plain">24</mattext>
                </material>
              </response_label>
              <response_label ident="50750">
                <material>
                  <mattext texttype="text/plain">25</mattext>
                </material>
              </response_label>
              <response_label ident="38081">
                <material>
                  <mattext texttype="text/plain">26</mattext>
                </material>
              </response_label>
              <response_label ident="79251">
                <material>
                  <mattext texttype="text/plain">27</mattext>
                </material>
              </response_label>
              <response_label ident="55314">
                <material>
                  <mattext texttype="text/plain">28</mattext>
                </material>
              </response_label>
              <response_label ident="17485">
                <material>
                  <mattext texttype="text/plain">29</mattext>
                </material>
              </response_label>
              <response_label ident="15012">
                <material>
                  <mattext texttype="text/plain">30</mattext>
                </material>
              </response_label>
              <response_label ident="55617">
                <material>
                  <mattext texttype="text/plain">31</mattext>
                </material>
              </response_label>
            </render_choice>
          </response_lid>
        </presentation>
        <resprocessing>
          <outcomes>
            <decvar maxvalue="100" minvalue="0" varname="SCORE" vartype="Decimal"/>
          </outcomes>
          <respcondition>
            <conditionvar>
              <varequal respident="response_year">89990</varequal>
            </conditionvar>
            <setvar varname="SCORE" action="Add">33.33</setvar>
          </respcondition>
          <respcondition>
            <conditionvar>
              <varequal respident="response_month">60253</varequal>
            </conditionvar>
            <setvar varname="SCORE" action="Add">33.33</setvar>
          </respcondition>
          <respcondition>
            <conditionvar>
              <varequal respident="response_day">35338</varequal>
            </conditionvar>
            <setvar varname="SCORE" action="Add">33.33</setvar>
          </respcondition>
        </resprocessing>
      </item>
      <item ident="i720fadd97384b39bec9abe433a83833b" title="På KTH, ange avdelning/At KTH, unit">
        <itemmetadata>
          <qtimetadata>
            <qtimetadatafield>
              <fieldlabel>question_type</fieldlabel>
              <fieldentry>multiple_dropdowns_question</fieldentry>
            </qtimetadatafield>
            <qtimetadatafield>
              <fieldlabel>points_possible</fieldlabel>
              <fieldentry>1.0</fieldentry>
            </qtimetadatafield>
            <qtimetadatafield>
              <fieldlabel>assessment_question_identifierref</fieldlabel>
              <fieldentry>ia922321103145a93514f7b8604104c28</fieldentry>
            </qtimetadatafield>
          </qtimetadata>
        </itemmetadata>
        <presentation>
          <material>
            <mattext texttype="text/html">&lt;div&gt;&lt;p&gt;&lt;span&gt;På KTH, ange avdelning/At KTH, unit: &lt;/span&gt;[school][department]&lt;/p&gt;&lt;/div&gt;</mattext>
          </material>
          <response_lid ident="response_school">
            <material>
              <mattext>school</mattext>
            </material>
            <render_choice>
              <response_label ident="97138">
                <material>
                  <mattext texttype="text/plain">ABE: Skolan för arkitektur och samhällsbyggnad/School of Architecture and the Built Environment</mattext>
                </material>
              </response_label>
              <response_label ident="49466">
                <material>
                  <mattext texttype="text/plain">EECS: Skolan för elektroteknik och datavetenskap/School of Electrical Engineering and Computer Science</mattext>
                </material>
              </response_label>
              <response_label ident="51488">
                <material>
                  <mattext texttype="text/plain">ITM: Skolan för industriell teknik och management/School of Industrial Engineering and Management</mattext>
                </material>
              </response_label>
              <response_label ident="87314">
                <material>
                  <mattext texttype="text/plain">xxx: Skolan för kemi, bioteknologi och hälsa/School of Engineering Sciences in Chemistry, Biotechnology and Health</mattext>
                </material>
              </response_label>
              <response_label ident="29155">
                <material>
                  <mattext texttype="text/plain">SCI: Skolan för teknikvetenskap/School of Engineering Sciences</mattext>
                </material>
              </response_label>
            </render_choice>
          </response_lid>
          <response_lid ident="response_department">
            <material>
              <mattext>department</mattext>
            </material>
            <render_choice>
              <response_label ident="1724">
                <material>
                  <mattext texttype="text/plain">CoS: Kommunikation/Communications</mattext>
                </material>
              </response_label>
              <response_label ident="23470">
                <material>
                  <mattext texttype="text/plain">SCS: Programvaruteknik och datorsystem/Software and computer system</mattext>
                </material>
              </response_label>
            </render_choice>
          </response_lid>
        </presentation>
        <resprocessing>
          <outcomes>
            <decvar maxvalue="100" minvalue="0" varname="SCORE" vartype="Decimal"/>
          </outcomes>
          <respcondition>
            <conditionvar>
              <varequal respident="response_school">97138</varequal>
            </conditionvar>
            <setvar varname="SCORE" action="Add">50.00</setvar>
          </respcondition>
          <respcondition>
            <conditionvar>
              <varequal respident="response_department">1724</varequal>
            </conditionvar>
            <setvar varname="SCORE" action="Add">50.00</setvar>
          </respcondition>
        </resprocessing>
      </item>
      <item ident="i8a00a43d622af8b20c505ee76a842b07" title="Handledare/Supervisor">
        <itemmetadata>
          <qtimetadata>
            <qtimetadatafield>
              <fieldlabel>question_type</fieldlabel>
              <fieldentry>fill_in_multiple_blanks_question</fieldentry>
            </qtimetadatafield>
            <qtimetadatafield>
              <fieldlabel>points_possible</fieldlabel>
              <fieldentry>1.0</fieldentry>
            </qtimetadatafield>
            <qtimetadatafield>
              <fieldlabel>assessment_question_identifierref</fieldlabel>
              <fieldentry>i7abc1d85c6042972b1b214ad9c5adc2e</fieldentry>
            </qtimetadatafield>
          </qtimetadata>
        </itemmetadata>
        <presentation>
          <material>
            <mattext texttype="text/html">&lt;div&gt;&lt;div class="enhanceable_content tabs"&gt;
&lt;ul&gt;
&lt;li lang="en"&gt;&lt;a href="#fragment-1"&gt;English&lt;/a&gt;&lt;/li&gt;
&lt;li lang="sv"&gt;&lt;a href="#fragment-2"&gt;På svenska&lt;/a&gt;&lt;/li&gt;
&lt;/ul&gt;
&lt;div id="fragment-1"&gt;
&lt;p lang="en"&gt;Potential Supervisor 1 [s1]&lt;/p&gt;
&lt;p lang="en"&gt;Potential Supervisor 2 [s2]&lt;/p&gt;
&lt;p lang="en"&gt;Potential Supervisor 3 [s3]&lt;/p&gt;
&lt;/div&gt;
&lt;div id="fragment-2"&gt;
&lt;p lang="sv"&gt;Förslag på akademisk handledare [s1]&lt;/p&gt;
&lt;p lang="sv"&gt;Förslag på akademisk handledare [s2]&lt;/p&gt;
&lt;p lang="sv"&gt;Förslag på akademisk handledare [s3]&lt;/p&gt;
&lt;/div&gt;
&lt;/div&gt;&lt;/div&gt;</mattext>
          </material>
        </presentation>
        <resprocessing>
          <outcomes>
            <decvar maxvalue="100" minvalue="0" varname="SCORE" vartype="Decimal"/>
          </outcomes>
        </resprocessing>
      </item>
      <item ident="i0dc4161b366666d5f1258aa708ad057d" title="På företag, ange vilket/At a company, indicate name">
        <itemmetadata>
          <qtimetadata>
            <qtimetadatafield>
              <fieldlabel>question_type</fieldlabel>
              <fieldentry>essay_question</fieldentry>
            </qtimetadatafield>
            <qtimetadatafield>
              <fieldlabel>points_possible</fieldlabel>
              <fieldentry>1.0</fieldentry>
            </qtimetadatafield>
            <qtimetadatafield>
              <fieldlabel>assessment_question_identifierref</fieldlabel>
              <fieldentry>i5e3c3339801a756b52a19e94fb3ffa10</fieldentry>
            </qtimetadatafield>
          </qtimetadata>
        </itemmetadata>
        <presentation>
          <material>
            <mattext texttype="text/html">&lt;div&gt;&lt;div class="enhanceable_content tabs"&gt;
&lt;ul&gt;
&lt;li lang="en"&gt;&lt;a href="#fragment-1"&gt;English&lt;/a&gt;&lt;/li&gt;
&lt;li lang="sv"&gt;&lt;a href="#fragment-2"&gt;På svenska&lt;/a&gt;&lt;/li&gt;
&lt;/ul&gt;
&lt;div id="fragment-1"&gt;
&lt;p lang="en"&gt;At a company, indicate name:
&lt;/p&gt;
&lt;/div&gt;
&lt;div id="fragment-2"&gt;
&lt;p lang="sv"&gt;På företag, ange vilket
&lt;/p&gt;
&lt;/div&gt;

&lt;/div&gt;&lt;/div&gt;</mattext>
          </material>
          <response_str ident="response1" rcardinality="Single">
            <render_fib>
              <response_label ident="answer1" rshuffle="No"/>
            </render_fib>
          </response_str>
        </presentation>
        <resprocessing>
          <outcomes>
            <decvar maxvalue="100" minvalue="0" varname="SCORE" vartype="Decimal"/>
          </outcomes>
          <respcondition continue="No">
            <conditionvar>
              <other/>
            </conditionvar>
          </respcondition>
        </resprocessing>
      </item>
      <item ident="i3e2a20fdca4f743323d5f0da001827dc" title="Utomlands, ange land/Outside Sweden, indic. Country">
        <itemmetadata>
          <qtimetadata>
            <qtimetadatafield>
              <fieldlabel>question_type</fieldlabel>
              <fieldentry>essay_question</fieldentry>
            </qtimetadatafield>
            <qtimetadatafield>
              <fieldlabel>points_possible</fieldlabel>
              <fieldentry>1.0</fieldentry>
            </qtimetadatafield>
            <qtimetadatafield>
              <fieldlabel>assessment_question_identifierref</fieldlabel>
              <fieldentry>i5acb77322e12b19b6d85861d2ccc645f</fieldentry>
            </qtimetadatafield>
          </qtimetadata>
        </itemmetadata>
        <presentation>
          <material>
            <mattext texttype="text/html">&lt;div&gt;&lt;div class="enhanceable_content tabs"&gt;
&lt;ul&gt;
&lt;li lang="en"&gt;&lt;a href="#fragment-1"&gt;English&lt;/a&gt;&lt;/li&gt;
&lt;li lang="sv"&gt;&lt;a href="#fragment-2"&gt;På svenska&lt;/a&gt;&lt;/li&gt;
&lt;/ul&gt;
&lt;div id="fragment-1"&gt;
&lt;p lang="en"&gt;Outside Sweden, indicate Country (Enter two character country code)&lt;/p&gt;
&lt;/div&gt;
&lt;div id="fragment-2"&gt;
&lt;p lang="sv"&gt;Utomlands, ange land (Ange landskod med två tecken)&lt;/p&gt;
&lt;/div&gt;
&lt;/div&gt;&lt;/div&gt;</mattext>
          </material>
          <response_str ident="response1" rcardinality="Single">
            <render_fib>
              <response_label ident="answer1" rshuffle="No"/>
            </render_fib>
          </response_str>
        </presentation>
        <resprocessing>
          <outcomes>
            <decvar maxvalue="100" minvalue="0" varname="SCORE" vartype="Decimal"/>
          </outcomes>
          <respcondition continue="No">
            <conditionvar>
              <other/>
            </conditionvar>
          </respcondition>
        </resprocessing>
      </item>
      <item ident="i64c5fbf6c5e8bd14dd3b9542ceda2d36" title="På annan högskola/At another university">
        <itemmetadata>
          <qtimetadata>
            <qtimetadatafield>
              <fieldlabel>question_type</fieldlabel>
              <fieldentry>essay_question</fieldentry>
            </qtimetadatafield>
            <qtimetadatafield>
              <fieldlabel>points_possible</fieldlabel>
              <fieldentry>1.0</fieldentry>
            </qtimetadatafield>
            <qtimetadatafield>
              <fieldlabel>assessment_question_identifierref</fieldlabel>
              <fieldentry>i36a05422458c3a08a1e0a28431023b8c</fieldentry>
            </qtimetadatafield>
          </qtimetadata>
        </itemmetadata>
        <presentation>
          <material>
            <mattext texttype="text/html">&lt;div&gt;&lt;div class="enhanceable_content tabs"&gt;
&lt;ul&gt;
&lt;li lang="en"&gt;&lt;a href="#fragment-1"&gt;English&lt;/a&gt;&lt;/li&gt;
&lt;li lang="sv"&gt;&lt;a href="#fragment-2"&gt;På svenska&lt;/a&gt;&lt;/li&gt;
&lt;/ul&gt;
&lt;div id="fragment-1"&gt;
&lt;p lang="en"&gt;At another university
&lt;/p&gt;
&lt;/div&gt;
&lt;div id="fragment-2"&gt;
&lt;p lang="sv"&gt;På annan högskola
&lt;/p&gt;
&lt;/div&gt;
&lt;/div&gt;&lt;/div&gt;</mattext>
          </material>
          <response_str ident="response1" rcardinality="Single">
            <render_fib>
              <response_label ident="answer1" rshuffle="No"/>
            </render_fib>
          </response_str>
        </presentation>
        <resprocessing>
          <outcomes>
            <decvar maxvalue="100" minvalue="0" varname="SCORE" vartype="Decimal"/>
          </outcomes>
          <respcondition continue="No">
            <conditionvar>
              <other/>
            </conditionvar>
          </respcondition>
        </resprocessing>
      </item>
      <item ident="ia7ef0def40a8e4395e6bfa72d1fd4624" title="Kontaktperson/Contact person">
        <itemmetadata>
          <qtimetadata>
            <qtimetadatafield>
              <fieldlabel>question_type</fieldlabel>
              <fieldentry>essay_question</fieldentry>
            </qtimetadatafield>
            <qtimetadatafield>
              <fieldlabel>points_possible</fieldlabel>
              <fieldentry>1.0</fieldentry>
            </qtimetadatafield>
            <qtimetadatafield>
              <fieldlabel>assessment_question_identifierref</fieldlabel>
              <fieldentry>ic1582309391aec5c3473bec5ad3aaed7</fieldentry>
            </qtimetadatafield>
          </qtimetadata>
        </itemmetadata>
        <presentation>
          <material>
            <mattext texttype="text/html">&lt;div&gt;&lt;div class="enhanceable_content tabs"&gt;
&lt;ul&gt;
&lt;li lang="en"&gt;&lt;a href="#fragment-1"&gt;English&lt;/a&gt;&lt;/li&gt;
&lt;li lang="sv"&gt;&lt;a href="#fragment-2"&gt;På svenska&lt;/a&gt;&lt;/li&gt;
&lt;/ul&gt;
&lt;div id="fragment-1"&gt;
&lt;p lang="en"&gt;Enter the name and contact details of your contact at a company, other university, etc.&lt;/p&gt;
&lt;/div&gt;
&lt;div id="fragment-2"&gt;
&lt;p lang="sv"&gt;Ange namn, e-postadress och annan kontaktinformation för din kontaktperson vid företaget, det andra universitetet, eller motsvarande.&lt;/p&gt;
&lt;/div&gt;
&lt;/div&gt;&lt;/div&gt;</mattext>
          </material>
          <response_str ident="response1" rcardinality="Single">
            <render_fib>
              <response_label ident="answer1" rshuffle="No"/>
            </render_fib>
          </response_str>
        </presentation>
        <resprocessing>
          <outcomes>
            <decvar maxvalue="100" minvalue="0" varname="SCORE" vartype="Decimal"/>
          </outcomes>
          <respcondition continue="No">
            <conditionvar>
              <other/>
            </conditionvar>
          </respcondition>
        </resprocessing>
      </item>
    </section>
  </assessment>
</questestinterop>
